{"cameraMode":{"drawMode":0,"name":"Shaded","section":"Shading Mode"},"sceneLighting":true,"audioPlay":false,"sceneViewState":{"m_AlwaysRefresh":false,"showFog":true,"showSkybox":true,"showFlares":true,"showImageEffects":true,"showParticleSystems":true,"showVisualEffectGraphs":true,"m_FxEnabled":true},"in2DMode":false,"pivot":{"x":112.55816650390625,"y":-85.20278930664063,"z":283.9173278808594},"rotation":{"x":-0.12153705209493637,"y":0.40872353315353396,"z":-0.05501983314752579,"w":-0.9028558135032654},"size":399.58221435546877,"orthographic":false}